User_Cd,Plan_Cd,Store_Cd,ValidFlag,CombiGroup_Cd,CombiType,SplitPriceType,SaleStartDate,SaleEndDate,Level1CombiQty,Level1CombiKngk1,Level1CombiKngk2,Level2CombiQty,Level2CombiKngk1,Level2CombiKngk2,Level3CombiQty,Level3CombiKngk1,Level3CombiKngk2,Level4CombiQty,Level4CombiKngk1,Level4CombiKngk2,Level5CombiQty,Level5CombiKngk1,Level5CombiKngk2,POSDataMakeFlag,POSDataMakeDateTime,RsvChar1,RsvChar2,RsvChar3,RsvChar4,RsvNum1,RsvNum2,RsvNum3,RsvNum4,RsvDate1,RsvDateTime1,AddOperator_Cd,AddDateTime,AddProc_Cd,UpdOperator_Cd,UpdDateTime,UpdProc_Cd
"0","","xxxxx","x","xxxx","x","x","1983-10-04","1991-01-22","9000","900000000000000.00","900000000000000.00","9000","900000000000000.00","900000000000000.00","9000","900000000000000.00","900000000000000.00","9000","900000000000000.00","900000000000000.00","9000","900000000000000.00","900000000000000.00","x","2011-05-18 10:52:53.093227232","0","0","0","0","0","0","0","0","0","0","0","0","0","0","0","0"
"0",,"xxxxx","x","xxxx","x","x","2010-10-10","2005-08-01","9001","900000000000011.01","900000000000011.01","9001","900000000000011.01","900000000000011.01","9001","900000000000011.01","900000000000011.01","9001","900000000000011.01","900000000000011.01","9001","900000000000011.01","900000000000011.01","x","2014-09-04 18:58:19.409302139","0","0","0","0","0","0","0","0","0","0","0","0","0","0","0","0"
"0",null,"xxxxx","x","xxxx","x","x","1986-05-24","2002-02-17","9002","900000000000022.02","900000000000022.02","9002","900000000000022.02","900000000000022.02","9002","900000000000022.02","900000000000022.02","9002","900000000000022.02","900000000000022.02","9002","900000000000022.02","900000000000022.02","x","1995-07-09 11:54:22.582497369","0","0","0","0","0","0","0","0","0","0","0","0","0","0","0","0"
"0","null","xxxxx","x","xxxx","x","x","1991-02-12","1989-06-25","9003","900000000000033.03","900000000000033.03","9003","900000000000033.03","900000000000033.03","9003","900000000000033.03","900000000000033.03","9003","900000000000033.03","900000000000033.03","9003","900000000000033.03","900000000000033.03","x","1990-01-12 14:26:19.355056964","0","0","0","0","0","0","0","0","0","0","0","0","0","0","0","0"
"0",NULL,"xxxxx","x","xxxx","x","x","2009-12-16","1990-12-24","9004","900000000000044.04","900000000000044.04","9004","900000000000044.04","900000000000044.04","9004","900000000000044.04","900000000000044.04","9004","900000000000044.04","900000000000044.04","9004","900000000000044.04","900000000000044.04","x","2017-04-19 13:31:16.503080117","0","0","0","0","0","0","0","0","0","0","0","0","0","0","0","0"
"0","NULL","xxxxx","x","xxxx","x","x","1997-05-31","2003-10-27","9005","900000000000055.05","900000000000055.05","9005","900000000000055.05","900000000000055.05","9005","900000000000055.05","900000000000055.05","9005","900000000000055.05","900000000000055.05","9005","900000000000055.05","900000000000055.05","x","2018-07-08 06:03:58.166691879","0","0","0","0","0","0","0","0","0","0","0","0","0","0","0","0"
"0","xxxxxxxx","","x","xxxx","x","x","1990-07-26","2003-12-06","9006","900000000000066.06","900000000000066.06","9006","900000000000066.06","900000000000066.06","9006","900000000000066.06","900000000000066.06","9006","900000000000066.06","900000000000066.06","9006","900000000000066.06","900000000000066.06","x","2015-10-14 00:56:15.828542584","0","0","0","0","0","0","0","0","0","0","0","0","0","0","0","0"
"0","xxxxxxxx",,"x","xxxx","x","x","2011-12-16","1991-10-21","9007","900000000000077.07","900000000000077.07","9007","900000000000077.07","900000000000077.07","9007","900000000000077.07","900000000000077.07","9007","900000000000077.07","900000000000077.07","9007","900000000000077.07","900000000000077.07","x","2021-05-11 19:05:17.039838522","0","0","0","0","0","0","0","0","0","0","0","0","0","0","0","0"
"0","xxxxxxxx",null,"x","xxxx","x","x","2003-09-30","2005-10-16","9008","900000000000088.08","900000000000088.08","9008","900000000000088.08","900000000000088.08","9008","900000000000088.08","900000000000088.08","9008","900000000000088.08","900000000000088.08","9008","900000000000088.08","900000000000088.08","x","1993-09-28 14:00:30.866008616","0","0","0","0","0","0","0","0","0","0","0","0","0","0","0","0"
"0","xxxxxxxx","null","x","xxxx","x","x","1998-08-04","1998-05-19","9009","900000000000099.09","900000000000099.09","9009","900000000000099.09","900000000000099.09","9009","900000000000099.09","900000000000099.09","9009","900000000000099.09","900000000000099.09","9009","900000000000099.09","900000000000099.09","x","1999-06-06 18:22:58.337599229","0","0","0","0","0","0","0","0","0","0","0","0","0","0","0","0"
"0","xxxxxxxx",NULL,"x","xxxx","x","x","1981-01-22","2017-02-22","9010","9000000000001010.10","9000000000001010.10","9010","9000000000001010.10","9000000000001010.10","9010","9000000000001010.10","9000000000001010.10","9010","9000000000001010.10","9000000000001010.10","9010","9000000000001010.10","9000000000001010.10","x","2013-11-21 00:22:06.105657407","0","0","0","0","0","0","0","0","0","0","0","0","0","0","0","0"
"0","xxxxxxxx","NULL","x","xxxx","x","x","2007-06-03","2010-06-08","9011","9000000000001111.11","9000000000001111.11","9011","9000000000001111.11","9000000000001111.11","9011","9000000000001111.11","9000000000001111.11","9011","9000000000001111.11","9000000000001111.11","9011","9000000000001111.11","9000000000001111.11","x","1997-11-13 07:58:38.610625100","0","0","0","0","0","0","0","0","0","0","0","0","0","0","0","0"
"0","xxxxxxxx","xxxxx","","xxxx","x","x","2010-11-15","1983-02-10","9012","9000000000001212.12","9000000000001212.12","9012","9000000000001212.12","9000000000001212.12","9012","9000000000001212.12","9000000000001212.12","9012","9000000000001212.12","9000000000001212.12","9012","9000000000001212.12","9000000000001212.12","x","2009-05-07 07:17:42.793760631","0","0","0","0","0","0","0","0","0","0","0","0","0","0","0","0"
"0","xxxxxxxx","xxxxx",,"xxxx","x","x","2002-05-08","2010-01-04","9013","9000000000001313.13","9000000000001313.13","9013","9000000000001313.13","9000000000001313.13","9013","9000000000001313.13","9000000000001313.13","9013","9000000000001313.13","9000000000001313.13","9013","9000000000001313.13","9000000000001313.13","x","1986-10-19 00:41:49.094947872","0","0","0","0","0","0","0","0","0","0","0","0","0","0","0","0"
"0","xxxxxxxx","xxxxx",null,"xxxx","x","x","1986-08-08","1983-12-30","9014","9000000000001414.14","9000000000001414.14","9014","9000000000001414.14","9000000000001414.14","9014","9000000000001414.14","9000000000001414.14","9014","9000000000001414.14","9000000000001414.14","9014","9000000000001414.14","9000000000001414.14","x","1982-07-18 10:29:49.561353055","0","0","0","0","0","0","0","0","0","0","0","0","0","0","0","0"
"0","xxxxxxxx","xxxxx","null","xxxx","x","x","2011-11-22","2013-09-26","9015","9000000000001515.15","9000000000001515.15","9015","9000000000001515.15","9000000000001515.15","9015","9000000000001515.15","9000000000001515.15","9015","9000000000001515.15","9000000000001515.15","9015","9000000000001515.15","9000000000001515.15","x","2017-10-14 10:33:03.964491447","0","0","0","0","0","0","0","0","0","0","0","0","0","0","0","0"
"0","xxxxxxxx","xxxxx",NULL,"xxxx","x","x","2015-03-05","2017-10-24","9016","9000000000001616.16","9000000000001616.16","9016","9000000000001616.16","9000000000001616.16","9016","9000000000001616.16","9000000000001616.16","9016","9000000000001616.16","9000000000001616.16","9016","9000000000001616.16","9000000000001616.16","x","1985-08-25 04:19:40.207097523","0","0","0","0","0","0","0","0","0","0","0","0","0","0","0","0"
"0","xxxxxxxx","xxxxx","NULL","xxxx","x","x","2007-10-27","1995-09-25","9017","9000000000001717.17","9000000000001717.17","9017","9000000000001717.17","9000000000001717.17","9017","9000000000001717.17","9000000000001717.17","9017","9000000000001717.17","9000000000001717.17","9017","9000000000001717.17","9000000000001717.17","x","2001-01-04 05:57:33.994615322","0","0","0","0","0","0","0","0","0","0","0","0","0","0","0","0"
"0","xxxxxxxx","xxxxx","x","","x","x","2015-12-28","1993-11-10","9018","9000000000001818.18","9000000000001818.18","9018","9000000000001818.18","9000000000001818.18","9018","9000000000001818.18","9000000000001818.18","9018","9000000000001818.18","9000000000001818.18","9018","9000000000001818.18","9000000000001818.18","x","2006-12-16 08:58:23.327639656","0","0","0","0","0","0","0","0","0","0","0","0","0","0","0","0"
"0","xxxxxxxx","xxxxx","x",,"x","x","2019-11-21","2015-09-11","9019","9000000000001919.19","9000000000001919.19","9019","9000000000001919.19","9000000000001919.19","9019","9000000000001919.19","9000000000001919.19","9019","9000000000001919.19","9000000000001919.19","9019","9000000000001919.19","9000000000001919.19","x","1997-01-02 22:00:05.581149474","0","0","0","0","0","0","0","0","0","0","0","0","0","0","0","0"
"0","xxxxxxxx","xxxxx","x",null,"x","x","2005-04-28","2009-05-20","9020","9000000000002020.20","9000000000002020.20","9020","9000000000002020.20","9000000000002020.20","9020","9000000000002020.20","9000000000002020.20","9020","9000000000002020.20","9000000000002020.20","9020","9000000000002020.20","9000000000002020.20","x","2006-07-15 06:25:30.158289437","0","0","0","0","0","0","0","0","0","0","0","0","0","0","0","0"
"0","xxxxxxxx","xxxxx","x","null","x","x","2002-11-16","2001-04-30","9021","9000000000002121.21","9000000000002121.21","9021","9000000000002121.21","9000000000002121.21","9021","9000000000002121.21","9000000000002121.21","9021","9000000000002121.21","9000000000002121.21","9021","9000000000002121.21","9000000000002121.21","x","1997-08-29 05:54:09.440382873","0","0","0","0","0","0","0","0","0","0","0","0","0","0","0","0"
"0","xxxxxxxx","xxxxx","x",NULL,"x","x","2005-04-21","2003-11-07","9022","9000000000002222.22","9000000000002222.22","9022","9000000000002222.22","9000000000002222.22","9022","9000000000002222.22","9000000000002222.22","9022","9000000000002222.22","9000000000002222.22","9022","9000000000002222.22","9000000000002222.22","x","2006-06-08 14:12:27.443774825","0","0","0","0","0","0","0","0","0","0","0","0","0","0","0","0"
"0","xxxxxxxx","xxxxx","x","NULL","x","x","1995-03-18","2014-01-02","9023","9000000000002323.23","9000000000002323.23","9023","9000000000002323.23","9000000000002323.23","9023","9000000000002323.23","9000000000002323.23","9023","9000000000002323.23","9000000000002323.23","9023","9000000000002323.23","9000000000002323.23","x","2017-04-03 06:39:12.882613016","0","0","0","0","0","0","0","0","0","0","0","0","0","0","0","0"
"0","xxxxxxxx","xxxxx","x","xxxx","","x","2017-06-28","2018-05-21","9024","9000000000002424.24","9000000000002424.24","9024","9000000000002424.24","9000000000002424.24","9024","9000000000002424.24","9000000000002424.24","9024","9000000000002424.24","9000000000002424.24","9024","9000000000002424.24","9000000000002424.24","x","2019-12-15 18:58:43.076309794","0","0","0","0","0","0","0","0","0","0","0","0","0","0","0","0"
"0","xxxxxxxx","xxxxx","x","xxxx",,"x","2015-06-03","1999-09-28","9025","9000000000002525.25","9000000000002525.25","9025","9000000000002525.25","9000000000002525.25","9025","9000000000002525.25","9000000000002525.25","9025","9000000000002525.25","9000000000002525.25","9025","9000000000002525.25","9000000000002525.25","x","2003-04-21 12:14:45.591613136","0","0","0","0","0","0","0","0","0","0","0","0","0","0","0","0"
"0","xxxxxxxx","xxxxx","x","xxxx",null,"x","2023-04-05","1982-09-04","9026","9000000000002626.26","9000000000002626.26","9026","9000000000002626.26","9000000000002626.26","9026","9000000000002626.26","9000000000002626.26","9026","9000000000002626.26","9000000000002626.26","9026","9000000000002626.26","9000000000002626.26","x","2009-01-21 16:35:11.465770127","0","0","0","0","0","0","0","0","0","0","0","0","0","0","0","0"
"0","xxxxxxxx","xxxxx","x","xxxx","null","x","1998-07-19","1989-06-30","9027","9000000000002727.27","9000000000002727.27","9027","9000000000002727.27","9000000000002727.27","9027","9000000000002727.27","9000000000002727.27","9027","9000000000002727.27","9000000000002727.27","9027","9000000000002727.27","9000000000002727.27","x","1981-11-08 05:49:40.883339557","0","0","0","0","0","0","0","0","0","0","0","0","0","0","0","0"
"0","xxxxxxxx","xxxxx","x","xxxx",NULL,"x","2013-08-12","2005-08-23","9028","9000000000002828.28","9000000000002828.28","9028","9000000000002828.28","9000000000002828.28","9028","9000000000002828.28","9000000000002828.28","9028","9000000000002828.28","9000000000002828.28","9028","9000000000002828.28","9000000000002828.28","x","2003-05-02 21:38:18.866911368","0","0","0","0","0","0","0","0","0","0","0","0","0","0","0","0"
"0","xxxxxxxx","xxxxx","x","xxxx","NULL","x","2017-02-20","2010-05-23","9029","9000000000002929.29","9000000000002929.29","9029","9000000000002929.29","9000000000002929.29","9029","9000000000002929.29","9000000000002929.29","9029","9000000000002929.29","9000000000002929.29","9029","9000000000002929.29","9000000000002929.29","x","2002-06-29 00:08:08.661846625","0","0","0","0","0","0","0","0","0","0","0","0","0","0","0","0"
"0","xxxxxxxx","xxxxx","x","xxxx","x","","1981-08-21","2015-12-25","9030","9000000000003030.30","9000000000003030.30","9030","9000000000003030.30","9000000000003030.30","9030","9000000000003030.30","9000000000003030.30","9030","9000000000003030.30","9000000000003030.30","9030","9000000000003030.30","9000000000003030.30","x","2010-03-13 09:41:01.297711782","0","0","0","0","0","0","0","0","0","0","0","0","0","0","0","0"
"0","xxxxxxxx","xxxxx","x","xxxx","x",,"2022-10-22","2015-12-20","9031","9000000000003131.31","9000000000003131.31","9031","9000000000003131.31","9000000000003131.31","9031","9000000000003131.31","9000000000003131.31","9031","9000000000003131.31","9000000000003131.31","9031","9000000000003131.31","9000000000003131.31","x","2015-06-24 11:23:02.727936818","0","0","0","0","0","0","0","0","0","0","0","0","0","0","0","0"
"0","xxxxxxxx","xxxxx","x","xxxx","x",null,"1983-12-30","1990-03-09","9032","9000000000003232.32","9000000000003232.32","9032","9000000000003232.32","9000000000003232.32","9032","9000000000003232.32","9000000000003232.32","9032","9000000000003232.32","9000000000003232.32","9032","9000000000003232.32","9000000000003232.32","x","1985-12-06 05:42:32.218232393","0","0","0","0","0","0","0","0","0","0","0","0","0","0","0","0"
"0","xxxxxxxx","xxxxx","x","xxxx","x","null","1985-09-16","1990-02-06","9033","9000000000003333.33","9000000000003333.33","9033","9000000000003333.33","9000000000003333.33","9033","9000000000003333.33","9000000000003333.33","9033","9000000000003333.33","9000000000003333.33","9033","9000000000003333.33","9000000000003333.33","x","1981-03-17 21:10:08.307554190","0","0","0","0","0","0","0","0","0","0","0","0","0","0","0","0"
"0","xxxxxxxx","xxxxx","x","xxxx","x",NULL,"2001-06-23","2017-11-11","9034","9000000000003434.34","9000000000003434.34","9034","9000000000003434.34","9000000000003434.34","9034","9000000000003434.34","9000000000003434.34","9034","9000000000003434.34","9000000000003434.34","9034","9000000000003434.34","9000000000003434.34","x","2017-01-06 14:10:14.147212033","0","0","0","0","0","0","0","0","0","0","0","0","0","0","0","0"
"0","xxxxxxxx","xxxxx","x","xxxx","x","NULL","2019-03-31","2007-07-22","9035","9000000000003535.35","9000000000003535.35","9035","9000000000003535.35","9000000000003535.35","9035","9000000000003535.35","9000000000003535.35","9035","9000000000003535.35","9000000000003535.35","9035","9000000000003535.35","9000000000003535.35","x","1987-09-30 18:47:35.350220301","0","0","0","0","0","0","0","0","0","0","0","0","0","0","0","0"
"0","xxxxxxxx","xxxxx","x","xxxx","x","x","","2003-06-13","9036","9000000000003636.36","9000000000003636.36","9036","9000000000003636.36","9000000000003636.36","9036","9000000000003636.36","9000000000003636.36","9036","9000000000003636.36","9000000000003636.36","9036","9000000000003636.36","9000000000003636.36","x","1982-06-01 06:10:46.629575566","0","0","0","0","0","0","0","0","0","0","0","0","0","0","0","0"
"0","xxxxxxxx","xxxxx","x","xxxx","x","x",,"1991-06-14","9037","9000000000003737.37","9000000000003737.37","9037","9000000000003737.37","9000000000003737.37","9037","9000000000003737.37","9000000000003737.37","9037","9000000000003737.37","9000000000003737.37","9037","9000000000003737.37","9000000000003737.37","x","1990-05-29 18:46:19.518410396","0","0","0","0","0","0","0","0","0","0","0","0","0","0","0","0"
"0","xxxxxxxx","xxxxx","x","xxxx","x","x",null,"1999-04-24","9038","9000000000003838.38","9000000000003838.38","9038","9000000000003838.38","9000000000003838.38","9038","9000000000003838.38","9000000000003838.38","9038","9000000000003838.38","9000000000003838.38","9038","9000000000003838.38","9000000000003838.38","x","2005-03-02 08:16:01.527515386","0","0","0","0","0","0","0","0","0","0","0","0","0","0","0","0"
"0","xxxxxxxx","xxxxx","x","xxxx","x","x","null","2017-03-24","9039","9000000000003939.39","9000000000003939.39","9039","9000000000003939.39","9000000000003939.39","9039","9000000000003939.39","9000000000003939.39","9039","9000000000003939.39","9000000000003939.39","9039","9000000000003939.39","9000000000003939.39","x","2011-09-25 15:26:45.584630209","0","0","0","0","0","0","0","0","0","0","0","0","0","0","0","0"
"0","xxxxxxxx","xxxxx","x","xxxx","x","x",NULL,"2010-06-09","9040","9000000000004040.40","9000000000004040.40","9040","9000000000004040.40","9000000000004040.40","9040","9000000000004040.40","9000000000004040.40","9040","9000000000004040.40","9000000000004040.40","9040","9000000000004040.40","9000000000004040.40","x","1999-05-17 03:15:43.173312538","0","0","0","0","0","0","0","0","0","0","0","0","0","0","0","0"
"0","xxxxxxxx","xxxxx","x","xxxx","x","x","NULL","2007-03-25","9041","9000000000004141.41","9000000000004141.41","9041","9000000000004141.41","9000000000004141.41","9041","9000000000004141.41","9000000000004141.41","9041","9000000000004141.41","9000000000004141.41","9041","9000000000004141.41","9000000000004141.41","x","2013-04-19 15:18:11.108869438","0","0","0","0","0","0","0","0","0","0","0","0","0","0","0","0"
"0","xxxxxxxx","xxxxx","x","xxxx","x","x","1997-08-03","","9042","9000000000004242.42","9000000000004242.42","9042","9000000000004242.42","9000000000004242.42","9042","9000000000004242.42","9000000000004242.42","9042","9000000000004242.42","9000000000004242.42","9042","9000000000004242.42","9000000000004242.42","x","1985-09-03 16:33:56.119575422","0","0","0","0","0","0","0","0","0","0","0","0","0","0","0","0"
"0","xxxxxxxx","xxxxx","x","xxxx","x","x","2007-01-07",,"9043","9000000000004343.43","9000000000004343.43","9043","9000000000004343.43","9000000000004343.43","9043","9000000000004343.43","9000000000004343.43","9043","9000000000004343.43","9000000000004343.43","9043","9000000000004343.43","9000000000004343.43","x","2013-02-20 05:39:34.562275002","0","0","0","0","0","0","0","0","0","0","0","0","0","0","0","0"
"0","xxxxxxxx","xxxxx","x","xxxx","x","x","1995-03-14",null,"9044","9000000000004444.44","9000000000004444.44","9044","9000000000004444.44","9000000000004444.44","9044","9000000000004444.44","9000000000004444.44","9044","9000000000004444.44","9000000000004444.44","9044","9000000000004444.44","9000000000004444.44","x","1999-07-11 16:22:38.698528746","0","0","0","0","0","0","0","0","0","0","0","0","0","0","0","0"
"0","xxxxxxxx","xxxxx","x","xxxx","x","x","2009-03-21","null","9045","9000000000004545.45","9000000000004545.45","9045","9000000000004545.45","9000000000004545.45","9045","9000000000004545.45","9000000000004545.45","9045","9000000000004545.45","9000000000004545.45","9045","9000000000004545.45","9000000000004545.45","x","2005-11-11 08:02:30.986264771","0","0","0","0","0","0","0","0","0","0","0","0","0","0","0","0"
"0","xxxxxxxx","xxxxx","x","xxxx","x","x","2003-06-26",NULL,"9046","9000000000004646.46","9000000000004646.46","9046","9000000000004646.46","9000000000004646.46","9046","9000000000004646.46","9000000000004646.46","9046","9000000000004646.46","9000000000004646.46","9046","9000000000004646.46","9000000000004646.46","x","2018-12-10 23:49:29.010497221","0","0","0","0","0","0","0","0","0","0","0","0","0","0","0","0"
"0","xxxxxxxx","xxxxx","x","xxxx","x","x","1987-05-07","NULL","9047","9000000000004747.47","9000000000004747.47","9047","9000000000004747.47","9000000000004747.47","9047","9000000000004747.47","9000000000004747.47","9047","9000000000004747.47","9000000000004747.47","9047","9000000000004747.47","9000000000004747.47","x","2015-10-23 23:50:36.148574105","0","0","0","0","0","0","0","0","0","0","0","0","0","0","0","0"
"0","xxxxxxxx","xxxxx","x","xxxx","x","x","2015-09-16","1997-05-11","","9000000000004848.48","9000000000004848.48","9048","9000000000004848.48","9000000000004848.48","9048","9000000000004848.48","9000000000004848.48","9048","9000000000004848.48","9000000000004848.48","9048","9000000000004848.48","9000000000004848.48","x","1994-01-12 08:02:13.882739132","0","0","0","0","0","0","0","0","0","0","0","0","0","0","0","0"
"0","xxxxxxxx","xxxxx","x","xxxx","x","x","2023-02-27","2002-12-08",,"9000000000004949.49","9000000000004949.49","9049","9000000000004949.49","9000000000004949.49","9049","9000000000004949.49","9000000000004949.49","9049","9000000000004949.49","9000000000004949.49","9049","9000000000004949.49","9000000000004949.49","x","2009-12-15 03:05:52.893614555","0","0","0","0","0","0","0","0","0","0","0","0","0","0","0","0"
"0","xxxxxxxx","xxxxx","x","xxxx","x","x","2001-05-23","1998-08-02",null,"9000000000005050.50","9000000000005050.50","9050","9000000000005050.50","9000000000005050.50","9050","9000000000005050.50","9000000000005050.50","9050","9000000000005050.50","9000000000005050.50","9050","9000000000005050.50","9000000000005050.50","x","1997-03-17 03:24:58.382818339","0","0","0","0","0","0","0","0","0","0","0","0","0","0","0","0"
"0","xxxxxxxx","xxxxx","x","xxxx","x","x","1987-12-30","1987-11-10","null","9000000000005151.51","9000000000005151.51","9051","9000000000005151.51","9000000000005151.51","9051","9000000000005151.51","9000000000005151.51","9051","9000000000005151.51","9000000000005151.51","9051","9000000000005151.51","9000000000005151.51","x","2009-06-07 08:38:27.892985488","0","0","0","0","0","0","0","0","0","0","0","0","0","0","0","0"
"0","xxxxxxxx","xxxxx","x","xxxx","x","x","1994-10-09","2014-07-02",NULL,"9000000000005252.52","9000000000005252.52","9052","9000000000005252.52","9000000000005252.52","9052","9000000000005252.52","9000000000005252.52","9052","9000000000005252.52","9000000000005252.52","9052","9000000000005252.52","9000000000005252.52","x","2003-03-17 21:59:40.778219935","0","0","0","0","0","0","0","0","0","0","0","0","0","0","0","0"
"0","xxxxxxxx","xxxxx","x","xxxx","x","x","2013-04-24","2022-07-16","NULL","9000000000005353.53","9000000000005353.53","9053","9000000000005353.53","9000000000005353.53","9053","9000000000005353.53","9000000000005353.53","9053","9000000000005353.53","9000000000005353.53","9053","9000000000005353.53","9000000000005353.53","x","2015-10-14 15:51:01.408006194","0","0","0","0","0","0","0","0","0","0","0","0","0","0","0","0"
"0","xxxxxxxx","xxxxx","x","xxxx","x","x","1997-11-08","1994-10-22","9054","","9000000000005454.54","9054","9000000000005454.54","9000000000005454.54","9054","9000000000005454.54","9000000000005454.54","9054","9000000000005454.54","9000000000005454.54","9054","9000000000005454.54","9000000000005454.54","x","1997-11-15 05:59:23.654160053","0","0","0","0","0","0","0","0","0","0","0","0","0","0","0","0"
"0","xxxxxxxx","xxxxx","x","xxxx","x","x","1990-01-12","2021-03-18","9055",,"9000000000005555.55","9055","9000000000005555.55","9000000000005555.55","9055","9000000000005555.55","9000000000005555.55","9055","9000000000005555.55","9000000000005555.55","9055","9000000000005555.55","9000000000005555.55","x","2007-10-02 02:04:25.595350219","0","0","0","0","0","0","0","0","0","0","0","0","0","0","0","0"
"0","xxxxxxxx","xxxxx","x","xxxx","x","x","2023-06-26","2019-12-18","9056",null,"9000000000005656.56","9056","9000000000005656.56","9000000000005656.56","9056","9000000000005656.56","9000000000005656.56","9056","9000000000005656.56","9000000000005656.56","9056","9000000000005656.56","9000000000005656.56","x","1999-03-28 19:28:49.308556946","0","0","0","0","0","0","0","0","0","0","0","0","0","0","0","0"
"0","xxxxxxxx","xxxxx","x","xxxx","x","x","1981-01-11","2011-02-20","9057","null","9000000000005757.57","9057","9000000000005757.57","9000000000005757.57","9057","9000000000005757.57","9000000000005757.57","9057","9000000000005757.57","9000000000005757.57","9057","9000000000005757.57","9000000000005757.57","x","1983-05-06 15:50:09.807837223","0","0","0","0","0","0","0","0","0","0","0","0","0","0","0","0"
"0","xxxxxxxx","xxxxx","x","xxxx","x","x","1987-11-14","2010-09-09","9058",NULL,"9000000000005858.58","9058","9000000000005858.58","9000000000005858.58","9058","9000000000005858.58","9000000000005858.58","9058","9000000000005858.58","9000000000005858.58","9058","9000000000005858.58","9000000000005858.58","x","2013-05-28 02:16:39.709204444","0","0","0","0","0","0","0","0","0","0","0","0","0","0","0","0"
"0","xxxxxxxx","xxxxx","x","xxxx","x","x","1993-06-29","1993-01-23","9059","NULL","9000000000005959.59","9059","9000000000005959.59","9000000000005959.59","9059","9000000000005959.59","9000000000005959.59","9059","9000000000005959.59","9000000000005959.59","9059","9000000000005959.59","9000000000005959.59","x","1993-04-14 16:03:13.381832841","0","0","0","0","0","0","0","0","0","0","0","0","0","0","0","0"
"0","xxxxxxxx","xxxxx","x","xxxx","x","x","2019-12-08","1998-03-20","9060","9000000000006060.60","","9060","9000000000006060.60","9000000000006060.60","9060","9000000000006060.60","9000000000006060.60","9060","9000000000006060.60","9000000000006060.60","9060","9000000000006060.60","9000000000006060.60","x","2003-04-02 09:08:35.481578898","0","0","0","0","0","0","0","0","0","0","0","0","0","0","0","0"
"0","xxxxxxxx","xxxxx","x","xxxx","x","x","1983-12-01","1997-03-12","9061","9000000000006161.61",,"9061","9000000000006161.61","9000000000006161.61","9061","9000000000006161.61","9000000000006161.61","9061","9000000000006161.61","9000000000006161.61","9061","9000000000006161.61","9000000000006161.61","x","2022-02-19 22:26:04.437193264","0","0","0","0","0","0","0","0","0","0","0","0","0","0","0","0"
"0","xxxxxxxx","xxxxx","x","xxxx","x","x","1994-07-16","2017-08-08","9062","9000000000006262.62",null,"9062","9000000000006262.62","9000000000006262.62","9062","9000000000006262.62","9000000000006262.62","9062","9000000000006262.62","9000000000006262.62","9062","9000000000006262.62","9000000000006262.62","x","1985-10-16 20:08:02.359649812","0","0","0","0","0","0","0","0","0","0","0","0","0","0","0","0"
"0","xxxxxxxx","xxxxx","x","xxxx","x","x","2001-12-14","2011-09-25","9063","9000000000006363.63","null","9063","9000000000006363.63","9000000000006363.63","9063","9000000000006363.63","9000000000006363.63","9063","9000000000006363.63","9000000000006363.63","9063","9000000000006363.63","9000000000006363.63","x","1986-01-05 02:13:57.519328116","0","0","0","0","0","0","0","0","0","0","0","0","0","0","0","0"
"0","xxxxxxxx","xxxxx","x","xxxx","x","x","2011-06-25","1987-11-24","9064","9000000000006464.64",NULL,"9064","9000000000006464.64","9000000000006464.64","9064","9000000000006464.64","9000000000006464.64","9064","9000000000006464.64","9000000000006464.64","9064","9000000000006464.64","9000000000006464.64","x","1995-05-16 10:05:12.659367100","0","0","0","0","0","0","0","0","0","0","0","0","0","0","0","0"
"0","xxxxxxxx","xxxxx","x","xxxx","x","x","2005-12-03","2023-10-25","9065","9000000000006565.65","NULL","9065","9000000000006565.65","9000000000006565.65","9065","9000000000006565.65","9000000000006565.65","9065","9000000000006565.65","9000000000006565.65","9065","9000000000006565.65","9000000000006565.65","x","1999-06-14 22:39:29.860788644","0","0","0","0","0","0","0","0","0","0","0","0","0","0","0","0"
"0","xxxxxxxx","xxxxx","x","xxxx","x","x","1986-11-09","2022-07-18","9066","9000000000006666.66","9000000000006666.66","","9000000000006666.66","9000000000006666.66","9066","9000000000006666.66","9000000000006666.66","9066","9000000000006666.66","9000000000006666.66","9066","9000000000006666.66","9000000000006666.66","x","1997-03-09 00:50:46.534314040","0","0","0","0","0","0","0","0","0","0","0","0","0","0","0","0"
"0","xxxxxxxx","xxxxx","x","xxxx","x","x","1982-10-23","2015-05-31","9067","9000000000006767.67","9000000000006767.67",,"9000000000006767.67","9000000000006767.67","9067","9000000000006767.67","9000000000006767.67","9067","9000000000006767.67","9000000000006767.67","9067","9000000000006767.67","9000000000006767.67","x","2005-02-28 22:13:03.715220722","0","0","0","0","0","0","0","0","0","0","0","0","0","0","0","0"
"0","xxxxxxxx","xxxxx","x","xxxx","x","x","1982-04-01","1993-06-05","9068","9000000000006868.68","9000000000006868.68",null,"9000000000006868.68","9000000000006868.68","9068","9000000000006868.68","9000000000006868.68","9068","9000000000006868.68","9000000000006868.68","9068","9000000000006868.68","9000000000006868.68","x","2014-08-24 20:01:21.969431269","0","0","0","0","0","0","0","0","0","0","0","0","0","0","0","0"
"0","xxxxxxxx","xxxxx","x","xxxx","x","x","1985-06-13","2005-12-23","9069","9000000000006969.69","9000000000006969.69","null","9000000000006969.69","9000000000006969.69","9069","9000000000006969.69","9000000000006969.69","9069","9000000000006969.69","9000000000006969.69","9069","9000000000006969.69","9000000000006969.69","x","2018-04-19 15:14:42.008835714","0","0","0","0","0","0","0","0","0","0","0","0","0","0","0","0"
"0","xxxxxxxx","xxxxx","x","xxxx","x","x","2011-10-03","1981-03-30","9070","9000000000007070.70","9000000000007070.70",NULL,"9000000000007070.70","9000000000007070.70","9070","9000000000007070.70","9000000000007070.70","9070","9000000000007070.70","9000000000007070.70","9070","9000000000007070.70","9000000000007070.70","x","2017-10-08 06:38:59.405153970","0","0","0","0","0","0","0","0","0","0","0","0","0","0","0","0"
"0","xxxxxxxx","xxxxx","x","xxxx","x","x","2021-10-09","2010-08-31","9071","9000000000007171.71","9000000000007171.71","NULL","9000000000007171.71","9000000000007171.71","9071","9000000000007171.71","9000000000007171.71","9071","9000000000007171.71","9000000000007171.71","9071","9000000000007171.71","9000000000007171.71","x","2009-10-25 03:04:11.787272665","0","0","0","0","0","0","0","0","0","0","0","0","0","0","0","0"
"0","xxxxxxxx","xxxxx","x","xxxx","x","x","1982-06-22","2010-02-27","9072","9000000000007272.72","9000000000007272.72","9072","","9000000000007272.72","9072","9000000000007272.72","9000000000007272.72","9072","9000000000007272.72","9000000000007272.72","9072","9000000000007272.72","9000000000007272.72","x","1982-03-12 21:03:35.469752364","0","0","0","0","0","0","0","0","0","0","0","0","0","0","0","0"
"0","xxxxxxxx","xxxxx","x","xxxx","x","x","1991-09-04","2023-07-26","9073","9000000000007373.73","9000000000007373.73","9073",,"9000000000007373.73","9073","9000000000007373.73","9000000000007373.73","9073","9000000000007373.73","9000000000007373.73","9073","9000000000007373.73","9000000000007373.73","x","2001-03-26 04:59:04.760305742","0","0","0","0","0","0","0","0","0","0","0","0","0","0","0","0"
"0","xxxxxxxx","xxxxx","x","xxxx","x","x","1997-08-22","2005-03-26","9074","9000000000007474.74","9000000000007474.74","9074",null,"9000000000007474.74","9074","9000000000007474.74","9000000000007474.74","9074","9000000000007474.74","9000000000007474.74","9074","9000000000007474.74","9000000000007474.74","x","2015-11-03 14:55:29.272836432","0","0","0","0","0","0","0","0","0","0","0","0","0","0","0","0"
"0","xxxxxxxx","xxxxx","x","xxxx","x","x","1995-02-02","2009-12-12","9075","9000000000007575.75","9000000000007575.75","9075","null","9000000000007575.75","9075","9000000000007575.75","9000000000007575.75","9075","9000000000007575.75","9000000000007575.75","9075","9000000000007575.75","9000000000007575.75","x","2014-03-29 11:38:01.344118833","0","0","0","0","0","0","0","0","0","0","0","0","0","0","0","0"
"0","xxxxxxxx","xxxxx","x","xxxx","x","x","1991-03-07","2022-03-12","9076","9000000000007676.76","9000000000007676.76","9076",NULL,"9000000000007676.76","9076","9000000000007676.76","9000000000007676.76","9076","9000000000007676.76","9000000000007676.76","9076","9000000000007676.76","9000000000007676.76","x","1994-07-24 06:33:20.696139804","0","0","0","0","0","0","0","0","0","0","0","0","0","0","0","0"
"0","xxxxxxxx","xxxxx","x","xxxx","x","x","1990-03-07","2011-12-14","9077","9000000000007777.77","9000000000007777.77","9077","NULL","9000000000007777.77","9077","9000000000007777.77","9000000000007777.77","9077","9000000000007777.77","9000000000007777.77","9077","9000000000007777.77","9000000000007777.77","x","1990-07-07 11:00:06.342817128","0","0","0","0","0","0","0","0","0","0","0","0","0","0","0","0"
"0","xxxxxxxx","xxxxx","x","xxxx","x","x","2018-02-22","1999-05-08","9078","9000000000007878.78","9000000000007878.78","9078","9000000000007878.78","","9078","9000000000007878.78","9000000000007878.78","9078","9000000000007878.78","9000000000007878.78","9078","9000000000007878.78","9000000000007878.78","x","2003-12-13 13:52:46.641417700","0","0","0","0","0","0","0","0","0","0","0","0","0","0","0","0"
"0","xxxxxxxx","xxxxx","x","xxxx","x","x","2001-08-28","2023-02-11","9079","9000000000007979.79","9000000000007979.79","9079","9000000000007979.79",,"9079","9000000000007979.79","9000000000007979.79","9079","9000000000007979.79","9000000000007979.79","9079","9000000000007979.79","9000000000007979.79","x","1993-04-14 19:33:01.248803282","0","0","0","0","0","0","0","0","0","0","0","0","0","0","0","0"
"0","xxxxxxxx","xxxxx","x","xxxx","x","x","2013-03-29","2021-08-18","9080","9000000000008080.80","9000000000008080.80","9080","9000000000008080.80",null,"9080","9000000000008080.80","9000000000008080.80","9080","9000000000008080.80","9000000000008080.80","9080","9000000000008080.80","9000000000008080.80","x","1981-12-18 01:35:22.687444146","0","0","0","0","0","0","0","0","0","0","0","0","0","0","0","0"
"0","xxxxxxxx","xxxxx","x","xxxx","x","x","1985-10-21","2010-05-29","9081","9000000000008181.81","9000000000008181.81","9081","9000000000008181.81","null","9081","9000000000008181.81","9000000000008181.81","9081","9000000000008181.81","9000000000008181.81","9081","9000000000008181.81","9000000000008181.81","x","2014-08-20 09:28:10.383716994","0","0","0","0","0","0","0","0","0","0","0","0","0","0","0","0"
"0","xxxxxxxx","xxxxx","x","xxxx","x","x","2007-03-24","2014-09-11","9082","9000000000008282.82","9000000000008282.82","9082","9000000000008282.82",NULL,"9082","9000000000008282.82","9000000000008282.82","9082","9000000000008282.82","9000000000008282.82","9082","9000000000008282.82","9000000000008282.82","x","2006-03-25 07:09:29.853859447","0","0","0","0","0","0","0","0","0","0","0","0","0","0","0","0"
"0","xxxxxxxx","xxxxx","x","xxxx","x","x","1994-05-05","1986-10-24","9083","9000000000008383.83","9000000000008383.83","9083","9000000000008383.83","NULL","9083","9000000000008383.83","9000000000008383.83","9083","9000000000008383.83","9000000000008383.83","9083","9000000000008383.83","9000000000008383.83","x","2009-08-23 04:22:32.931919336","0","0","0","0","0","0","0","0","0","0","0","0","0","0","0","0"
"0","xxxxxxxx","xxxxx","x","xxxx","x","x","2019-01-07","1983-08-16","9084","9000000000008484.84","9000000000008484.84","9084","9000000000008484.84","9000000000008484.84","","9000000000008484.84","9000000000008484.84","9084","9000000000008484.84","9000000000008484.84","9084","9000000000008484.84","9000000000008484.84","x","1990-09-05 05:32:16.958106954","0","0","0","0","0","0","0","0","0","0","0","0","0","0","0","0"
"0","xxxxxxxx","xxxxx","x","xxxx","x","x","2006-05-10","2018-02-09","9085","9000000000008585.85","9000000000008585.85","9085","9000000000008585.85","9000000000008585.85",,"9000000000008585.85","9000000000008585.85","9085","9000000000008585.85","9000000000008585.85","9085","9000000000008585.85","9000000000008585.85","x","2006-06-30 22:55:43.726549286","0","0","0","0","0","0","0","0","0","0","0","0","0","0","0","0"
"0","xxxxxxxx","xxxxx","x","xxxx","x","x","1986-02-14","2017-01-31","9086","9000000000008686.86","9000000000008686.86","9086","9000000000008686.86","9000000000008686.86",null,"9000000000008686.86","9000000000008686.86","9086","9000000000008686.86","9000000000008686.86","9086","9000000000008686.86","9000000000008686.86","x","2009-11-14 01:05:46.718176510","0","0","0","0","0","0","0","0","0","0","0","0","0","0","0","0"
"0","xxxxxxxx","xxxxx","x","xxxx","x","x","2001-04-22","2022-12-27","9087","9000000000008787.87","9000000000008787.87","9087","9000000000008787.87","9000000000008787.87","null","9000000000008787.87","9000000000008787.87","9087","9000000000008787.87","9000000000008787.87","9087","9000000000008787.87","9000000000008787.87","x","2015-10-29 16:27:52.048562244","0","0","0","0","0","0","0","0","0","0","0","0","0","0","0","0"
"0","xxxxxxxx","xxxxx","x","xxxx","x","x","2009-03-09","1982-06-01","9088","9000000000008888.88","9000000000008888.88","9088","9000000000008888.88","9000000000008888.88",NULL,"9000000000008888.88","9000000000008888.88","9088","9000000000008888.88","9000000000008888.88","9088","9000000000008888.88","9000000000008888.88","x","2005-01-21 12:32:32.558329314","0","0","0","0","0","0","0","0","0","0","0","0","0","0","0","0"
"0","xxxxxxxx","xxxxx","x","xxxx","x","x","1993-05-19","2021-12-30","9089","9000000000008989.89","9000000000008989.89","9089","9000000000008989.89","9000000000008989.89","NULL","9000000000008989.89","9000000000008989.89","9089","9000000000008989.89","9000000000008989.89","9089","9000000000008989.89","9000000000008989.89","x","2015-08-17 13:16:14.023823751","0","0","0","0","0","0","0","0","0","0","0","0","0","0","0","0"
"0","xxxxxxxx","xxxxx","x","xxxx","x","x","2021-06-04","2009-12-15","9090","9000000000009090.90","9000000000009090.90","9090","9000000000009090.90","9000000000009090.90","9090","","9000000000009090.90","9090","9000000000009090.90","9000000000009090.90","9090","9000000000009090.90","9000000000009090.90","x","2021-02-19 16:33:41.008608090","0","0","0","0","0","0","0","0","0","0","0","0","0","0","0","0"
"0","xxxxxxxx","xxxxx","x","xxxx","x","x","1991-05-18","1987-10-17","9091","9000000000009191.91","9000000000009191.91","9091","9000000000009191.91","9000000000009191.91","9091",,"9000000000009191.91","9091","9000000000009191.91","9000000000009191.91","9091","9000000000009191.91","9000000000009191.91","x","2013-07-28 21:03:35.164971062","0","0","0","0","0","0","0","0","0","0","0","0","0","0","0","0"
"0","xxxxxxxx","xxxxx","x","xxxx","x","x","2017-06-09","2021-08-07","9092","9000000000009292.92","9000000000009292.92","9092","9000000000009292.92","9000000000009292.92","9092",null,"9000000000009292.92","9092","9000000000009292.92","9000000000009292.92","9092","9000000000009292.92","9000000000009292.92","x","1990-07-11 14:30:34.316246050","0","0","0","0","0","0","0","0","0","0","0","0","0","0","0","0"
"0","xxxxxxxx","xxxxx","x","xxxx","x","x","1990-04-10","2001-07-20","9093","9000000000009393.93","9000000000009393.93","9093","9000000000009393.93","9000000000009393.93","9093","null","9000000000009393.93","9093","9000000000009393.93","9000000000009393.93","9093","9000000000009393.93","9000000000009393.93","x","1997-04-24 17:37:38.067197194","0","0","0","0","0","0","0","0","0","0","0","0","0","0","0","0"
"0","xxxxxxxx","xxxxx","x","xxxx","x","x","2006-06-09","2021-02-20","9094","9000000000009494.94","9000000000009494.94","9094","9000000000009494.94","9000000000009494.94","9094",NULL,"9000000000009494.94","9094","9000000000009494.94","9000000000009494.94","9094","9000000000009494.94","9000000000009494.94","x","1987-08-28 04:28:46.081151258","0","0","0","0","0","0","0","0","0","0","0","0","0","0","0","0"
"0","xxxxxxxx","xxxxx","x","xxxx","x","x","2017-08-05","2018-03-20","9095","9000000000009595.95","9000000000009595.95","9095","9000000000009595.95","9000000000009595.95","9095","NULL","9000000000009595.95","9095","9000000000009595.95","9000000000009595.95","9095","9000000000009595.95","9000000000009595.95","x","2006-06-05 17:35:53.470120753","0","0","0","0","0","0","0","0","0","0","0","0","0","0","0","0"
"0","xxxxxxxx","xxxxx","x","xxxx","x","x","1998-06-19","2003-06-14","9096","9000000000009696.96","9000000000009696.96","9096","9000000000009696.96","9000000000009696.96","9096","9000000000009696.96","","9096","9000000000009696.96","9000000000009696.96","9096","9000000000009696.96","9000000000009696.96","x","1998-02-27 21:24:53.416584731","0","0","0","0","0","0","0","0","0","0","0","0","0","0","0","0"
"0","xxxxxxxx","xxxxx","x","xxxx","x","x","1995-04-25","2021-05-31","9097","9000000000009797.97","9000000000009797.97","9097","9000000000009797.97","9000000000009797.97","9097","9000000000009797.97",,"9097","9000000000009797.97","9000000000009797.97","9097","9000000000009797.97","9000000000009797.97","x","2022-12-11 23:26:19.427523859","0","0","0","0","0","0","0","0","0","0","0","0","0","0","0","0"
"0","xxxxxxxx","xxxxx","x","xxxx","x","x","1989-01-28","2010-11-26","9098","9000000000009898.98","9000000000009898.98","9098","9000000000009898.98","9000000000009898.98","9098","9000000000009898.98",null,"9098","9000000000009898.98","9000000000009898.98","9098","9000000000009898.98","9000000000009898.98","x","1985-01-02 10:54:49.604648339","0","0","0","0","0","0","0","0","0","0","0","0","0","0","0","0"
"0","xxxxxxxx","xxxxx","x","xxxx","x","x","1985-12-25","2006-04-05","9099","9000000000009999.99","9000000000009999.99","9099","9000000000009999.99","9000000000009999.99","9099","9000000000009999.99","null","9099","9000000000009999.99","9000000000009999.99","9099","9000000000009999.99","9000000000009999.99","x","1985-04-27 06:18:28.479729963","0","0","0","0","0","0","0","0","0","0","0","0","0","0","0","0"
"0","xxxxxxxx","xxxxx","x","xxxx","x","x","1998-01-15","2018-01-22","9100","90000000000100100.100","90000000000100100.100","9100","90000000000100100.100","90000000000100100.100","9100","90000000000100100.100",NULL,"9100","90000000000100100.100","90000000000100100.100","9100","90000000000100100.100","90000000000100100.100","x","2013-09-24 17:54:42.862089980","0","0","0","0","0","0","0","0","0","0","0","0","0","0","0","0"
"0","xxxxxxxx","xxxxx","x","xxxx","x","x","1987-10-13","2006-11-26","9101","90000000000101101.101","90000000000101101.101","9101","90000000000101101.101","90000000000101101.101","9101","90000000000101101.101","NULL","9101","90000000000101101.101","90000000000101101.101","9101","90000000000101101.101","90000000000101101.101","x","1995-01-11 11:25:43.424555791","0","0","0","0","0","0","0","0","0","0","0","0","0","0","0","0"
"0","xxxxxxxx","xxxxx","x","xxxx","x","x","1995-03-10","1999-11-14","9102","90000000000102102.102","90000000000102102.102","9102","90000000000102102.102","90000000000102102.102","9102","90000000000102102.102","90000000000102102.102","","90000000000102102.102","90000000000102102.102","9102","90000000000102102.102","90000000000102102.102","x","2022-12-19 16:04:29.591449989","0","0","0","0","0","0","0","0","0","0","0","0","0","0","0","0"
"0","xxxxxxxx","xxxxx","x","xxxx","x","x","2010-07-26","2019-09-08","9103","90000000000103103.103","90000000000103103.103","9103","90000000000103103.103","90000000000103103.103","9103","90000000000103103.103","90000000000103103.103",,"90000000000103103.103","90000000000103103.103","9103","90000000000103103.103","90000000000103103.103","x","2022-05-29 23:51:57.950402064","0","0","0","0","0","0","0","0","0","0","0","0","0","0","0","0"
"0","xxxxxxxx","xxxxx","x","xxxx","x","x","2017-04-21","1987-06-12","9104","90000000000104104.104","90000000000104104.104","9104","90000000000104104.104","90000000000104104.104","9104","90000000000104104.104","90000000000104104.104",null,"90000000000104104.104","90000000000104104.104","9104","90000000000104104.104","90000000000104104.104","x","2013-04-27 04:34:25.740411129","0","0","0","0","0","0","0","0","0","0","0","0","0","0","0","0"
"0","xxxxxxxx","xxxxx","x","xxxx","x","x","2010-12-07","1991-11-21","9105","90000000000105105.105","90000000000105105.105","9105","90000000000105105.105","90000000000105105.105","9105","90000000000105105.105","90000000000105105.105","null","90000000000105105.105","90000000000105105.105","9105","90000000000105105.105","90000000000105105.105","x","2001-10-09 22:24:48.711178654","0","0","0","0","0","0","0","0","0","0","0","0","0","0","0","0"
"0","xxxxxxxx","xxxxx","x","xxxx","x","x","1991-09-16","1985-01-20","9106","90000000000106106.106","90000000000106106.106","9106","90000000000106106.106","90000000000106106.106","9106","90000000000106106.106","90000000000106106.106",NULL,"90000000000106106.106","90000000000106106.106","9106","90000000000106106.106","90000000000106106.106","x","2023-07-04 06:20:12.644641289","0","0","0","0","0","0","0","0","0","0","0","0","0","0","0","0"
"0","xxxxxxxx","xxxxx","x","xxxx","x","x","2014-07-05","1989-04-05","9107","90000000000107107.107","90000000000107107.107","9107","90000000000107107.107","90000000000107107.107","9107","90000000000107107.107","90000000000107107.107","NULL","90000000000107107.107","90000000000107107.107","9107","90000000000107107.107","90000000000107107.107","x","2006-03-13 01:02:44.708630946","0","0","0","0","0","0","0","0","0","0","0","0","0","0","0","0"
"0","xxxxxxxx","xxxxx","x","xxxx","x","x","2021-06-11","2018-05-08","9108","90000000000108108.108","90000000000108108.108","9108","90000000000108108.108","90000000000108108.108","9108","90000000000108108.108","90000000000108108.108","9108","","90000000000108108.108","9108","90000000000108108.108","90000000000108108.108","x","1994-10-30 10:44:26.686649236","0","0","0","0","0","0","0","0","0","0","0","0","0","0","0","0"
"0","xxxxxxxx","xxxxx","x","xxxx","x","x","1997-10-30","2001-04-03","9109","90000000000109109.109","90000000000109109.109","9109","90000000000109109.109","90000000000109109.109","9109","90000000000109109.109","90000000000109109.109","9109",,"90000000000109109.109","9109","90000000000109109.109","90000000000109109.109","x","2009-05-19 18:53:28.452733944","0","0","0","0","0","0","0","0","0","0","0","0","0","0","0","0"
"0","xxxxxxxx","xxxxx","x","xxxx","x","x","1998-09-01","2010-10-12","9110","90000000000110110.110","90000000000110110.110","9110","90000000000110110.110","90000000000110110.110","9110","90000000000110110.110","90000000000110110.110","9110",null,"90000000000110110.110","9110","90000000000110110.110","90000000000110110.110","x","2022-04-15 21:47:48.682236245","0","0","0","0","0","0","0","0","0","0","0","0","0","0","0","0"
"0","xxxxxxxx","xxxxx","x","xxxx","x","x","2002-10-07","1994-02-11","9111","90000000000111111.111","90000000000111111.111","9111","90000000000111111.111","90000000000111111.111","9111","90000000000111111.111","90000000000111111.111","9111","null","90000000000111111.111","9111","90000000000111111.111","90000000000111111.111","x","2018-01-15 11:57:25.097774490","0","0","0","0","0","0","0","0","0","0","0","0","0","0","0","0"
"0","xxxxxxxx","xxxxx","x","xxxx","x","x","2009-06-20","2010-02-18","9112","90000000000112112.112","90000000000112112.112","9112","90000000000112112.112","90000000000112112.112","9112","90000000000112112.112","90000000000112112.112","9112",NULL,"90000000000112112.112","9112","90000000000112112.112","90000000000112112.112","x","1987-10-22 13:48:26.184324549","0","0","0","0","0","0","0","0","0","0","0","0","0","0","0","0"
"0","xxxxxxxx","xxxxx","x","xxxx","x","x","1991-05-09","1998-10-25","9113","90000000000113113.113","90000000000113113.113","9113","90000000000113113.113","90000000000113113.113","9113","90000000000113113.113","90000000000113113.113","9113","NULL","90000000000113113.113","9113","90000000000113113.113","90000000000113113.113","x","2011-04-10 00:09:45.781589743","0","0","0","0","0","0","0","0","0","0","0","0","0","0","0","0"
"0","xxxxxxxx","xxxxx","x","xxxx","x","x","2003-10-29","1985-07-29","9114","90000000000114114.114","90000000000114114.114","9114","90000000000114114.114","90000000000114114.114","9114","90000000000114114.114","90000000000114114.114","9114","90000000000114114.114","","9114","90000000000114114.114","90000000000114114.114","x","1987-04-11 09:29:14.561125066","0","0","0","0","0","0","0","0","0","0","0","0","0","0","0","0"
"0","xxxxxxxx","xxxxx","x","xxxx","x","x","1983-08-10","1994-08-01","9115","90000000000115115.115","90000000000115115.115","9115","90000000000115115.115","90000000000115115.115","9115","90000000000115115.115","90000000000115115.115","9115","90000000000115115.115",,"9115","90000000000115115.115","90000000000115115.115","x","2010-05-12 05:04:48.271302019","0","0","0","0","0","0","0","0","0","0","0","0","0","0","0","0"
"0","xxxxxxxx","xxxxx","x","xxxx","x","x","1987-07-11","2002-08-10","9116","90000000000116116.116","90000000000116116.116","9116","90000000000116116.116","90000000000116116.116","9116","90000000000116116.116","90000000000116116.116","9116","90000000000116116.116",null,"9116","90000000000116116.116","90000000000116116.116","x","1990-10-01 16:40:48.036990246","0","0","0","0","0","0","0","0","0","0","0","0","0","0","0","0"
"0","xxxxxxxx","xxxxx","x","xxxx","x","x","2005-12-03","2019-03-06","9117","90000000000117117.117","90000000000117117.117","9117","90000000000117117.117","90000000000117117.117","9117","90000000000117117.117","90000000000117117.117","9117","90000000000117117.117","null","9117","90000000000117117.117","90000000000117117.117","x","1990-03-30 23:14:38.602736083","0","0","0","0","0","0","0","0","0","0","0","0","0","0","0","0"
"0","xxxxxxxx","xxxxx","x","xxxx","x","x","2017-04-04","1990-02-04","9118","90000000000118118.118","90000000000118118.118","9118","90000000000118118.118","90000000000118118.118","9118","90000000000118118.118","90000000000118118.118","9118","90000000000118118.118",NULL,"9118","90000000000118118.118","90000000000118118.118","x","1994-04-28 02:21:34.672491432","0","0","0","0","0","0","0","0","0","0","0","0","0","0","0","0"
"0","xxxxxxxx","xxxxx","x","xxxx","x","x","2019-12-01","1985-05-28","9119","90000000000119119.119","90000000000119119.119","9119","90000000000119119.119","90000000000119119.119","9119","90000000000119119.119","90000000000119119.119","9119","90000000000119119.119","NULL","9119","90000000000119119.119","90000000000119119.119","x","1982-07-11 19:27:48.388656816","0","0","0","0","0","0","0","0","0","0","0","0","0","0","0","0"
"0","xxxxxxxx","xxxxx","x","xxxx","x","x","2023-05-08","1983-06-17","9120","90000000000120120.120","90000000000120120.120","9120","90000000000120120.120","90000000000120120.120","9120","90000000000120120.120","90000000000120120.120","9120","90000000000120120.120","90000000000120120.120","","90000000000120120.120","90000000000120120.120","x","1981-11-26 21:00:37.643926617","0","0","0","0","0","0","0","0","0","0","0","0","0","0","0","0"
"0","xxxxxxxx","xxxxx","x","xxxx","x","x","2018-08-18","2006-06-04","9121","90000000000121121.121","90000000000121121.121","9121","90000000000121121.121","90000000000121121.121","9121","90000000000121121.121","90000000000121121.121","9121","90000000000121121.121","90000000000121121.121",,"90000000000121121.121","90000000000121121.121","x","2003-08-05 20:24:38.235648650","0","0","0","0","0","0","0","0","0","0","0","0","0","0","0","0"
"0","xxxxxxxx","xxxxx","x","xxxx","x","x","1999-06-16","1993-09-11","9122","90000000000122122.122","90000000000122122.122","9122","90000000000122122.122","90000000000122122.122","9122","90000000000122122.122","90000000000122122.122","9122","90000000000122122.122","90000000000122122.122",null,"90000000000122122.122","90000000000122122.122","x","1981-06-28 20:47:12.623795464","0","0","0","0","0","0","0","0","0","0","0","0","0","0","0","0"
"0","xxxxxxxx","xxxxx","x","xxxx","x","x","1998-01-29","2022-01-16","9123","90000000000123123.123","90000000000123123.123","9123","90000000000123123.123","90000000000123123.123","9123","90000000000123123.123","90000000000123123.123","9123","90000000000123123.123","90000000000123123.123","null","90000000000123123.123","90000000000123123.123","x","2003-09-20 04:35:52.386939908","0","0","0","0","0","0","0","0","0","0","0","0","0","0","0","0"
"0","xxxxxxxx","xxxxx","x","xxxx","x","x","2019-07-17","2003-11-23","9124","90000000000124124.124","90000000000124124.124","9124","90000000000124124.124","90000000000124124.124","9124","90000000000124124.124","90000000000124124.124","9124","90000000000124124.124","90000000000124124.124",NULL,"90000000000124124.124","90000000000124124.124","x","2003-03-19 16:02:00.635872235","0","0","0","0","0","0","0","0","0","0","0","0","0","0","0","0"
"0","xxxxxxxx","xxxxx","x","xxxx","x","x","1998-05-19","2011-03-02","9125","90000000000125125.125","90000000000125125.125","9125","90000000000125125.125","90000000000125125.125","9125","90000000000125125.125","90000000000125125.125","9125","90000000000125125.125","90000000000125125.125","NULL","90000000000125125.125","90000000000125125.125","x","2017-07-11 10:53:55.495510966","0","0","0","0","0","0","0","0","0","0","0","0","0","0","0","0"
"0","xxxxxxxx","xxxxx","x","xxxx","x","x","1995-03-08","2003-11-10","9126","90000000000126126.126","90000000000126126.126","9126","90000000000126126.126","90000000000126126.126","9126","90000000000126126.126","90000000000126126.126","9126","90000000000126126.126","90000000000126126.126","9126","","90000000000126126.126","x","2014-02-03 07:49:14.963233024","0","0","0","0","0","0","0","0","0","0","0","0","0","0","0","0"
"0","xxxxxxxx","xxxxx","x","xxxx","x","x","1991-03-08","1985-04-09","9127","90000000000127127.127","90000000000127127.127","9127","90000000000127127.127","90000000000127127.127","9127","90000000000127127.127","90000000000127127.127","9127","90000000000127127.127","90000000000127127.127","9127",,"90000000000127127.127","x","1986-07-28 10:26:16.790418883","0","0","0","0","0","0","0","0","0","0","0","0","0","0","0","0"
"0","xxxxxxxx","xxxxx","x","xxxx","x","x","1985-01-27","2019-07-07","9128","90000000000128128.128","90000000000128128.128","9128","90000000000128128.128","90000000000128128.128","9128","90000000000128128.128","90000000000128128.128","9128","90000000000128128.128","90000000000128128.128","9128",null,"90000000000128128.128","x","2015-03-07 03:32:17.346399077","0","0","0","0","0","0","0","0","0","0","0","0","0","0","0","0"
"0","xxxxxxxx","xxxxx","x","xxxx","x","x","1993-06-08","1997-02-15","9129","90000000000129129.129","90000000000129129.129","9129","90000000000129129.129","90000000000129129.129","9129","90000000000129129.129","90000000000129129.129","9129","90000000000129129.129","90000000000129129.129","9129","null","90000000000129129.129","x","1999-04-30 20:22:17.498640397","0","0","0","0","0","0","0","0","0","0","0","0","0","0","0","0"
"0","xxxxxxxx","xxxxx","x","xxxx","x","x","1991-07-28","1982-01-11","9130","90000000000130130.130","90000000000130130.130","9130","90000000000130130.130","90000000000130130.130","9130","90000000000130130.130","90000000000130130.130","9130","90000000000130130.130","90000000000130130.130","9130",NULL,"90000000000130130.130","x","2007-12-27 18:52:44.793241812","0","0","0","0","0","0","0","0","0","0","0","0","0","0","0","0"
"0","xxxxxxxx","xxxxx","x","xxxx","x","x","2005-09-27","1987-07-12","9131","90000000000131131.131","90000000000131131.131","9131","90000000000131131.131","90000000000131131.131","9131","90000000000131131.131","90000000000131131.131","9131","90000000000131131.131","90000000000131131.131","9131","NULL","90000000000131131.131","x","1990-12-19 05:00:41.507211053","0","0","0","0","0","0","0","0","0","0","0","0","0","0","0","0"
"0","xxxxxxxx","xxxxx","x","xxxx","x","x","2001-06-03","2021-03-29","9132","90000000000132132.132","90000000000132132.132","9132","90000000000132132.132","90000000000132132.132","9132","90000000000132132.132","90000000000132132.132","9132","90000000000132132.132","90000000000132132.132","9132","90000000000132132.132","","x","2021-06-08 06:45:42.658383112","0","0","0","0","0","0","0","0","0","0","0","0","0","0","0","0"
"0","xxxxxxxx","xxxxx","x","xxxx","x","x","2017-10-25","1995-01-21","9133","90000000000133133.133","90000000000133133.133","9133","90000000000133133.133","90000000000133133.133","9133","90000000000133133.133","90000000000133133.133","9133","90000000000133133.133","90000000000133133.133","9133","90000000000133133.133",,"x","2010-12-28 22:28:54.676968348","0","0","0","0","0","0","0","0","0","0","0","0","0","0","0","0"
"0","xxxxxxxx","xxxxx","x","xxxx","x","x","2015-11-27","1999-11-29","9134","90000000000134134.134","90000000000134134.134","9134","90000000000134134.134","90000000000134134.134","9134","90000000000134134.134","90000000000134134.134","9134","90000000000134134.134","90000000000134134.134","9134","90000000000134134.134",null,"x","2015-08-08 14:51:10.918486572","0","0","0","0","0","0","0","0","0","0","0","0","0","0","0","0"
"0","xxxxxxxx","xxxxx","x","xxxx","x","x","1999-05-12","1993-02-26","9135","90000000000135135.135","90000000000135135.135","9135","90000000000135135.135","90000000000135135.135","9135","90000000000135135.135","90000000000135135.135","9135","90000000000135135.135","90000000000135135.135","9135","90000000000135135.135","null","x","2013-11-09 17:46:25.953824691","0","0","0","0","0","0","0","0","0","0","0","0","0","0","0","0"
"0","xxxxxxxx","xxxxx","x","xxxx","x","x","2021-12-20","2007-04-18","9136","90000000000136136.136","90000000000136136.136","9136","90000000000136136.136","90000000000136136.136","9136","90000000000136136.136","90000000000136136.136","9136","90000000000136136.136","90000000000136136.136","9136","90000000000136136.136",NULL,"x","2002-11-26 02:46:19.308020851","0","0","0","0","0","0","0","0","0","0","0","0","0","0","0","0"
"0","xxxxxxxx","xxxxx","x","xxxx","x","x","2007-08-18","2002-08-06","9137","90000000000137137.137","90000000000137137.137","9137","90000000000137137.137","90000000000137137.137","9137","90000000000137137.137","90000000000137137.137","9137","90000000000137137.137","90000000000137137.137","9137","90000000000137137.137","NULL","x","2022-06-09 18:59:54.809827838","0","0","0","0","0","0","0","0","0","0","0","0","0","0","0","0"
"0","xxxxxxxx","xxxxx","x","xxxx","x","x","1997-07-07","1995-05-07","9138","90000000000138138.138","90000000000138138.138","9138","90000000000138138.138","90000000000138138.138","9138","90000000000138138.138","90000000000138138.138","9138","90000000000138138.138","90000000000138138.138","9138","90000000000138138.138","90000000000138138.138","","2014-04-19 14:13:32.704189852","0","0","0","0","0","0","0","0","0","0","0","0","0","0","0","0"
"0","xxxxxxxx","xxxxx","x","xxxx","x","x","2005-11-30","1999-02-21","9139","90000000000139139.139","90000000000139139.139","9139","90000000000139139.139","90000000000139139.139","9139","90000000000139139.139","90000000000139139.139","9139","90000000000139139.139","90000000000139139.139","9139","90000000000139139.139","90000000000139139.139",,"2001-10-22 22:10:10.616766289","0","0","0","0","0","0","0","0","0","0","0","0","0","0","0","0"
"0","xxxxxxxx","xxxxx","x","xxxx","x","x","2002-08-24","1998-04-27","9140","90000000000140140.140","90000000000140140.140","9140","90000000000140140.140","90000000000140140.140","9140","90000000000140140.140","90000000000140140.140","9140","90000000000140140.140","90000000000140140.140","9140","90000000000140140.140","90000000000140140.140",null,"1997-05-26 10:54:08.665663815","0","0","0","0","0","0","0","0","0","0","0","0","0","0","0","0"
"0","xxxxxxxx","xxxxx","x","xxxx","x","x","2019-02-17","1986-05-25","9141","90000000000141141.141","90000000000141141.141","9141","90000000000141141.141","90000000000141141.141","9141","90000000000141141.141","90000000000141141.141","9141","90000000000141141.141","90000000000141141.141","9141","90000000000141141.141","90000000000141141.141","null","1986-07-03 04:27:12.288868964","0","0","0","0","0","0","0","0","0","0","0","0","0","0","0","0"
"0","xxxxxxxx","xxxxx","x","xxxx","x","x","1985-02-15","2022-03-25","9142","90000000000142142.142","90000000000142142.142","9142","90000000000142142.142","90000000000142142.142","9142","90000000000142142.142","90000000000142142.142","9142","90000000000142142.142","90000000000142142.142","9142","90000000000142142.142","90000000000142142.142",NULL,"1991-11-27 16:41:17.564581519","0","0","0","0","0","0","0","0","0","0","0","0","0","0","0","0"
"0","xxxxxxxx","xxxxx","x","xxxx","x","x","2017-06-23","1994-04-29","9143","90000000000143143.143","90000000000143143.143","9143","90000000000143143.143","90000000000143143.143","9143","90000000000143143.143","90000000000143143.143","9143","90000000000143143.143","90000000000143143.143","9143","90000000000143143.143","90000000000143143.143","NULL","2018-05-19 23:55:33.175210179","0","0","0","0","0","0","0","0","0","0","0","0","0","0","0","0"
"0","xxxxxxxx","xxxxx","x","xxxx","x","x","1999-02-03","2018-09-18","9144","90000000000144144.144","90000000000144144.144","9144","90000000000144144.144","90000000000144144.144","9144","90000000000144144.144","90000000000144144.144","9144","90000000000144144.144","90000000000144144.144","9144","90000000000144144.144","90000000000144144.144","x","","0","0","0","0","0","0","0","0","0","0","0","0","0","0","0","0"
"0","xxxxxxxx","xxxxx","x","xxxx","x","x","2011-01-11","1982-12-22","9145","90000000000145145.145","90000000000145145.145","9145","90000000000145145.145","90000000000145145.145","9145","90000000000145145.145","90000000000145145.145","9145","90000000000145145.145","90000000000145145.145","9145","90000000000145145.145","90000000000145145.145","x",,"0","0","0","0","0","0","0","0","0","0","0","0","0","0","0","0"
"0","xxxxxxxx","xxxxx","x","xxxx","x","x","2010-02-11","2002-10-24","9146","90000000000146146.146","90000000000146146.146","9146","90000000000146146.146","90000000000146146.146","9146","90000000000146146.146","90000000000146146.146","9146","90000000000146146.146","90000000000146146.146","9146","90000000000146146.146","90000000000146146.146","x",null,"0","0","0","0","0","0","0","0","0","0","0","0","0","0","0","0"
"0","xxxxxxxx","xxxxx","x","xxxx","x","x","1991-09-15","2003-01-31","9147","90000000000147147.147","90000000000147147.147","9147","90000000000147147.147","90000000000147147.147","9147","90000000000147147.147","90000000000147147.147","9147","90000000000147147.147","90000000000147147.147","9147","90000000000147147.147","90000000000147147.147","x","null","0","0","0","0","0","0","0","0","0","0","0","0","0","0","0","0"
"0","xxxxxxxx","xxxxx","x","xxxx","x","x","1990-11-26","1991-09-18","9148","90000000000148148.148","90000000000148148.148","9148","90000000000148148.148","90000000000148148.148","9148","90000000000148148.148","90000000000148148.148","9148","90000000000148148.148","90000000000148148.148","9148","90000000000148148.148","90000000000148148.148","x",NULL,"0","0","0","0","0","0","0","0","0","0","0","0","0","0","0","0"
"0","xxxxxxxx","xxxxx","x","xxxx","x","x","2005-06-04","2021-11-18","9149","90000000000149149.149","90000000000149149.149","9149","90000000000149149.149","90000000000149149.149","9149","90000000000149149.149","90000000000149149.149","9149","90000000000149149.149","90000000000149149.149","9149","90000000000149149.149","90000000000149149.149","x","NULL","0","0","0","0","0","0","0","0","0","0","0","0","0","0","0","0"
"0","xxxxxxxxx","xxxxx","x","xxxx","x","x","1983-10-11","2007-11-06","9150","90000000000150150.150","90000000000150150.150","9150","90000000000150150.150","90000000000150150.150","9150","90000000000150150.150","90000000000150150.150","9150","90000000000150150.150","90000000000150150.150","9150","90000000000150150.150","90000000000150150.150","x","1994-04-03 12:14:56.645389166","0","0","0","0","0","0","0","0","0","0","0","0","0","0","0","0"
"0","xxxxxxxx","xxxxxx","x","xxxx","x","x","2006-06-03","2003-06-11","9151","90000000000151151.151","90000000000151151.151","9151","90000000000151151.151","90000000000151151.151","9151","90000000000151151.151","90000000000151151.151","9151","90000000000151151.151","90000000000151151.151","9151","90000000000151151.151","90000000000151151.151","x","2019-05-12 08:34:15.624687450","0","0","0","0","0","0","0","0","0","0","0","0","0","0","0","0"
"0","xxxxxxxx","xxxxx","xx","xxxx","x","x","2010-10-28","2006-06-29","9152","90000000000152152.152","90000000000152152.152","9152","90000000000152152.152","90000000000152152.152","9152","90000000000152152.152","90000000000152152.152","9152","90000000000152152.152","90000000000152152.152","9152","90000000000152152.152","90000000000152152.152","x","2009-06-26 20:54:08.163880885","0","0","0","0","0","0","0","0","0","0","0","0","0","0","0","0"
"0","xxxxxxxx","xxxxx","x","xxxxx","x","x","2013-01-02","1997-12-07","9153","90000000000153153.153","90000000000153153.153","9153","90000000000153153.153","90000000000153153.153","9153","90000000000153153.153","90000000000153153.153","9153","90000000000153153.153","90000000000153153.153","9153","90000000000153153.153","90000000000153153.153","x","2022-07-20 15:42:55.299577048","0","0","0","0","0","0","0","0","0","0","0","0","0","0","0","0"
"0","xxxxxxxx","xxxxx","x","xxxx","xx","x","2002-06-21","2005-12-15","9154","90000000000154154.154","90000000000154154.154","9154","90000000000154154.154","90000000000154154.154","9154","90000000000154154.154","90000000000154154.154","9154","90000000000154154.154","90000000000154154.154","9154","90000000000154154.154","90000000000154154.154","x","2011-08-21 07:28:25.230909818","0","0","0","0","0","0","0","0","0","0","0","0","0","0","0","0"
"0","xxxxxxxx","xxxxx","x","xxxx","x","xx","2013-03-05","2017-10-22","9155","90000000000155155.155","90000000000155155.155","9155","90000000000155155.155","90000000000155155.155","9155","90000000000155155.155","90000000000155155.155","9155","90000000000155155.155","90000000000155155.155","9155","90000000000155155.155","90000000000155155.155","x","1989-09-25 20:25:22.719006369","0","0","0","0","0","0","0","0","0","0","0","0","0","0","0","0"
"0","xxxxxxxx","xxxxx","x","xxxx","x","x","1993-06-28","1986-02-18","90156","90000000000156156.156","90000000000156156.156","9156","90000000000156156.156","90000000000156156.156","9156","90000000000156156.156","90000000000156156.156","9156","90000000000156156.156","90000000000156156.156","9156","90000000000156156.156","90000000000156156.156","x","2007-02-06 05:24:27.338416459","0","0","0","0","0","0","0","0","0","0","0","0","0","0","0","0"
"0","xxxxxxxx","xxxxx","x","xxxx","x","x","2011-04-12","2014-12-24","9157","90000000000157157.157","90000000000157157.157","9157","90000000000157157.157","90000000000157157.157","9157","90000000000157157.157","90000000000157157.157","9157","90000000000157157.157","90000000000157157.157","9157","90000000000157157.157","90000000000157157.157","x","2015-02-02 05:30:19.193826835","0","0","0","0","0","0","0","0","0","0","0","0","0","0","0","0"
"0","xxxxxxxx","xxxxx","x","xxxx","x","x","2001-07-07","1999-12-24","9158","90000000000158158.158","90000000000158158.158","9158","90000000000158158.158","90000000000158158.158","9158","90000000000158158.158","90000000000158158.158","9158","90000000000158158.158","90000000000158158.158","9158","90000000000158158.158","90000000000158158.158","x","1995-05-31 23:39:42.932423139","0","0","0","0","0","0","0","0","0","0","0","0","0","0","0","0"
"0","xxxxxxxx","xxxxx","x","xxxx","x","x","2013-05-13","1987-09-17","9159","90000000000159159.159","90000000000159159.159","90159","90000000000159159.159","90000000000159159.159","9159","90000000000159159.159","90000000000159159.159","9159","90000000000159159.159","90000000000159159.159","9159","90000000000159159.159","90000000000159159.159","x","1981-04-08 00:36:12.312232038","0","0","0","0","0","0","0","0","0","0","0","0","0","0","0","0"
"0","xxxxxxxx","xxxxx","x","xxxx","x","x","1998-09-04","2023-11-23","9160","90000000000160160.160","90000000000160160.160","9160","90000000000160160.160","90000000000160160.160","9160","90000000000160160.160","90000000000160160.160","9160","90000000000160160.160","90000000000160160.160","9160","90000000000160160.160","90000000000160160.160","x","1993-10-14 00:08:00.201966879","0","0","0","0","0","0","0","0","0","0","0","0","0","0","0","0"
"0","xxxxxxxx","xxxxx","x","xxxx","x","x","2013-01-02","2014-10-08","9161","90000000000161161.161","90000000000161161.161","9161","90000000000161161.161","90000000000161161.161","9161","90000000000161161.161","90000000000161161.161","9161","90000000000161161.161","90000000000161161.161","9161","90000000000161161.161","90000000000161161.161","x","1983-06-13 08:33:29.382519128","0","0","0","0","0","0","0","0","0","0","0","0","0","0","0","0"
"0","xxxxxxxx","xxxxx","x","xxxx","x","x","2005-11-22","2005-09-07","9162","90000000000162162.162","90000000000162162.162","9162","90000000000162162.162","90000000000162162.162","90162","90000000000162162.162","90000000000162162.162","9162","90000000000162162.162","90000000000162162.162","9162","90000000000162162.162","90000000000162162.162","x","2018-12-14 23:07:50.841804600","0","0","0","0","0","0","0","0","0","0","0","0","0","0","0","0"
"0","xxxxxxxx","xxxxx","x","xxxx","x","x","1997-11-26","2019-01-25","9163","90000000000163163.163","90000000000163163.163","9163","90000000000163163.163","90000000000163163.163","9163","90000000000163163.163","90000000000163163.163","9163","90000000000163163.163","90000000000163163.163","9163","90000000000163163.163","90000000000163163.163","x","2022-05-02 19:03:43.825997769","0","0","0","0","0","0","0","0","0","0","0","0","0","0","0","0"
"0","xxxxxxxx","xxxxx","x","xxxx","x","x","1997-08-27","2002-06-27","9164","90000000000164164.164","90000000000164164.164","9164","90000000000164164.164","90000000000164164.164","9164","90000000000164164.164","90000000000164164.164","9164","90000000000164164.164","90000000000164164.164","9164","90000000000164164.164","90000000000164164.164","x","2003-01-01 15:55:57.563933102","0","0","0","0","0","0","0","0","0","0","0","0","0","0","0","0"
"0","xxxxxxxx","xxxxx","x","xxxx","x","x","2003-08-11","2018-07-12","9165","90000000000165165.165","90000000000165165.165","9165","90000000000165165.165","90000000000165165.165","9165","90000000000165165.165","90000000000165165.165","90165","90000000000165165.165","90000000000165165.165","9165","90000000000165165.165","90000000000165165.165","x","2002-09-23 20:54:12.210718283","0","0","0","0","0","0","0","0","0","0","0","0","0","0","0","0"
"0","xxxxxxxx","xxxxx","x","xxxx","x","x","2005-11-04","1997-10-23","9166","90000000000166166.166","90000000000166166.166","9166","90000000000166166.166","90000000000166166.166","9166","90000000000166166.166","90000000000166166.166","9166","90000000000166166.166","90000000000166166.166","9166","90000000000166166.166","90000000000166166.166","x","2023-11-16 19:42:42.346237919","0","0","0","0","0","0","0","0","0","0","0","0","0","0","0","0"
"0","xxxxxxxx","xxxxx","x","xxxx","x","x","2007-09-06","1995-08-07","9167","90000000000167167.167","90000000000167167.167","9167","90000000000167167.167","90000000000167167.167","9167","90000000000167167.167","90000000000167167.167","9167","90000000000167167.167","90000000000167167.167","9167","90000000000167167.167","90000000000167167.167","x","2022-07-18 07:46:20.082022161","0","0","0","0","0","0","0","0","0","0","0","0","0","0","0","0"
"0","xxxxxxxx","xxxxx","x","xxxx","x","x","2019-08-08","2002-11-08","9168","90000000000168168.168","90000000000168168.168","9168","90000000000168168.168","90000000000168168.168","9168","90000000000168168.168","90000000000168168.168","9168","90000000000168168.168","90000000000168168.168","90168","90000000000168168.168","90000000000168168.168","x","2014-06-04 05:33:20.142079114","0","0","0","0","0","0","0","0","0","0","0","0","0","0","0","0"
"0","xxxxxxxx","xxxxx","x","xxxx","x","x","1990-12-18","1982-04-25","9169","90000000000169169.169","90000000000169169.169","9169","90000000000169169.169","90000000000169169.169","9169","90000000000169169.169","90000000000169169.169","9169","90000000000169169.169","90000000000169169.169","9169","90000000000169169.169","90000000000169169.169","x","1989-12-14 02:35:32.245774514","0","0","0","0","0","0","0","0","0","0","0","0","0","0","0","0"
"0","xxxxxxxx","xxxxx","x","xxxx","x","x","1982-08-24","2006-09-23","9170","90000000000170170.170","90000000000170170.170","9170","90000000000170170.170","90000000000170170.170","9170","90000000000170170.170","90000000000170170.170","9170","90000000000170170.170","90000000000170170.170","9170","90000000000170170.170","90000000000170170.170","x","2015-03-15 18:40:30.450077179","0","0","0","0","0","0","0","0","0","0","0","0","0","0","0","0"
"0","xxxxxxxx","xxxxx","x","xxxx","x","x","2006-08-18","1989-04-30","9171","90000000000171171.171","90000000000171171.171","9171","90000000000171171.171","90000000000171171.171","9171","90000000000171171.171","90000000000171171.171","9171","90000000000171171.171","90000000000171171.171","9171","90000000000171171.171","90000000000171171.171","xx","1989-08-27 07:09:57.210843928","0","0","0","0","0","0","0","0","0","0","0","0","0","0","0","0"
"0","xxxxxxxx","xxxxx","x","xxxx","x","x","2015-05-28","2005-11-07","9172","90000000000172172.172","90000000000172172.172","9172","90000000000172172.172","90000000000172172.172","9172","90000000000172172.172","90000000000172172.172","9172","90000000000172172.172","90000000000172172.172","9172","90000000000172172.172","90000000000172172.172","x","1987-10-16 15:32:22.391620591","0","0","0","0","0","0","0","0","0","0","0","0","0","0","0","0"
"0","xxxxxxxx","xxxxx","x","xxxx","x","x","2022-09-04","1982-04-16","9173","90000000000173173.173","90000000000173173.173","9173","90000000000173173.173","90000000000173173.173","9173","90000000000173173.173","90000000000173173.173","9173","90000000000173173.173","90000000000173173.173","9173","90000000000173173.173","90000000000173173.173","x","1994-03-28 02:49:29.491268493","0","0","0","0","0","0","0","0","0","0","0","0","0","0","0","0"
"0","xxxxxxxx","xxxxx","x","xxxx","x","x","1983-07-07","2010-08-15","9174","90000000000174174.174","90000000000174174.174","9174","90000000000174174.174","90000000000174174.174","9174","90000000000174174.174","90000000000174174.174","9174","90000000000174174.174","90000000000174174.174","9174","90000000000174174.174","90000000000174174.174","x","2011-12-20 12:35:34.770694506","0","0","0","0","0","0","0","0","0","0","0","0","0","0","0","0"
"0","xxxxxxxx","xxxxx","x","xxxx","x","x","1983-02-07","1991-11-30","9175","90000000000175175.175","90000000000175175.175","9175","90000000000175175.175","90000000000175175.175","9175","90000000000175175.175","90000000000175175.175","9175","90000000000175175.175","90000000000175175.175","9175","90000000000175175.175","90000000000175175.175","x","2002-09-28 21:03:27.756321748","0","0","0","0","0","0","0","0","0","0","0","0","0","0","0","0"
"0","xxxxxxxx","xxxxx","x","xxxx","x","x","2019-09-20","2010-06-30","9176","90000000000176176.176","90000000000176176.176","9176","90000000000176176.176","90000000000176176.176","9176","90000000000176176.176","90000000000176176.176","9176","90000000000176176.176","90000000000176176.176","9176","90000000000176176.176","90000000000176176.176","x","1991-11-11 20:39:11.603590077","0","0","0","0","0","0","0","0","0","0","0","0","0","0","0","0"
"0","xxxxxxxx","xxxxx","x","xxxx","x","x","2013-05-30","1999-09-15","9177","90000000000177177.177","90000000000177177.177","9177","90000000000177177.177","90000000000177177.177","9177","90000000000177177.177","90000000000177177.177","9177","90000000000177177.177","90000000000177177.177","9177","90000000000177177.177","90000000000177177.177","x","1990-01-05 23:18:06.094287234","0","0","0","0","0","0","0","0","0","0","0","0","0","0","0","0"
"0","xxxxxxxx","xxxxx","x","xxxx","x","x","2009-05-18","1995-05-07","9178","90000000000178178.178","90000000000178178.178","9178","90000000000178178.178","90000000000178178.178","9178","90000000000178178.178","90000000000178178.178","9178","90000000000178178.178","90000000000178178.178","9178","90000000000178178.178","90000000000178178.178","x","1982-04-10 05:24:44.356670905","0","0","0","0","0","0","0","0","0","0","0","0","0","0","0","0"
"0","xxxxxxxx","xxxxx","x","xxxx","x","x","1999-03-03","2006-04-15","9179","90000000000179179.179","90000000000179179.179","9179","90000000000179179.179","90000000000179179.179","9179","90000000000179179.179","90000000000179179.179","9179","90000000000179179.179","90000000000179179.179","9179","90000000000179179.179","90000000000179179.179","x","2003-11-02 10:12:19.666650935","0","0","0","0","0","0","0","0","0","0","0","0","0","0","0","0"
"0","xxxxxxxx","xxxxx","x","xxxx","x","x","1991-04-03","1982-09-29","9180","90000000000180180.180","90000000000180180.180","9180","90000000000180180.180","90000000000180180.180","9180","90000000000180180.180","90000000000180180.180","9180","90000000000180180.180","90000000000180180.180","9180","90000000000180180.180","90000000000180180.180","x","2001-04-01 21:27:26.535671254","0","0","0","0","0","0","0","0","0","0","0","0","0","0","0","0"
"0","xxxxxxxx","xxxxx","x","xxxx","x","x","2003-08-15","2013-01-18","9181","90000000000181181.181","90000000000181181.181","9181","90000000000181181.181","90000000000181181.181","9181","90000000000181181.181","90000000000181181.181","9181","90000000000181181.181","90000000000181181.181","9181","90000000000181181.181","90000000000181181.181","x","2019-03-19 10:10:53.266029975","0","0","0","0","0","0","0","0","0","0","0","0","0","0","0","0"
"0","xxxxxxxx","xxxxx","x","xxxx","x","x","1982-07-27","1997-12-07","9182","90000000000182182.182","90000000000182182.182","9182","90000000000182182.182","90000000000182182.182","9182","90000000000182182.182","90000000000182182.182","9182","90000000000182182.182","90000000000182182.182","9182","90000000000182182.182","90000000000182182.182","x","2010-08-19 13:09:02.259331166","0","0","0","0","0","0","0","0","0","0","0","0","0","0","0","0"
"0","xxxxxxxx","xxxxx","x","xxxx","x","x","2009-02-19","2023-05-26","9183","90000000000183183.183","90000000000183183.183","9183","90000000000183183.183","90000000000183183.183","9183","90000000000183183.183","90000000000183183.183","9183","90000000000183183.183","90000000000183183.183","9183","90000000000183183.183","90000000000183183.183","x","1987-10-22 17:38:11.114336304","0","0","0","0","0","0","0","0","0","0","0","0","0","0","0","0"
"0","xxxxxxxx","xxxxx","x","xxxx","x","x","1983-03-13","2015-05-17","9184","90000000000184184.184","90000000000184184.184","9184","90000000000184184.184","90000000000184184.184","9184","90000000000184184.184","90000000000184184.184","9184","90000000000184184.184","90000000000184184.184","9184","90000000000184184.184","90000000000184184.184","x","1993-06-22 01:40:09.744794407","0","0","0","0","0","0","0","0","0","0","0","0","0","0","0","0"
"0","xxxxxxxx","xxxxx","x","xxxx","x","x","2022-01-25","2018-09-09","9185","90000000000185185.185","90000000000185185.185","9185","90000000000185185.185","90000000000185185.185","9185","90000000000185185.185","90000000000185185.185","9185","90000000000185185.185","90000000000185185.185","9185","90000000000185185.185","90000000000185185.185","x","1983-01-27 22:11:50.037383296","0","0","0","0","0","0","0","0","0","0","0","0","0","0","0","0"
"0","xxxxxxxx","xxxxx","x","xxxx","x","x","2019-03-15","1989-01-06","9186","90000000000186186.186","90000000000186186.186","9186","90000000000186186.186","90000000000186186.186","9186","90000000000186186.186","90000000000186186.186","9186","90000000000186186.186","90000000000186186.186","9186","90000000000186186.186","90000000000186186.186","x","1986-05-27 22:57:05.182181787","0","0","0","0","0","0","0","0","0","0","0","0","0","0","0","0"
"0","xxxxxxxx","xxxxx","x","xxxx","x","x","2007-05-13","1989-12-13","9187","90000000000187187.187","90000000000187187.187","9187","90000000000187187.187","90000000000187187.187","9187","90000000000187187.187","90000000000187187.187","9187","90000000000187187.187","90000000000187187.187","9187","90000000000187187.187","90000000000187187.187","x","2019-05-30 16:21:03.853909884","0","0","0","0","0","0","0","0","0","0","0","0","0","0","0","0"
"0","xxxxxxxx","xxxxx","x","xxxx","x","x","1983-10-08","2013-05-04","9188","90000000000188188.188","90000000000188188.188","9188","90000000000188188.188","90000000000188188.188","9188","90000000000188188.188","90000000000188188.188","9188","90000000000188188.188","90000000000188188.188","9188","90000000000188188.188","90000000000188188.188","x","2002-05-28 06:00:26.897737663","0","0","0","0","0","0","0","0","0","0","0","0","0","0","0","0"
"0","xxxxxxxx","xxxxx","x","xxxx","x","x","2022-07-15","1985-06-01","9189","90000000000189189.189","90000000000189189.189","9189","90000000000189189.189","90000000000189189.189","9189","90000000000189189.189","90000000000189189.189","9189","90000000000189189.189","90000000000189189.189","9189","90000000000189189.189","90000000000189189.189","x","2003-06-01 06:18:53.354349503","0","0","0","0","0","0","0","0","0","0","0","0","0","0","0","0"
"0","xxxxxxxx","xxxxx","x","xxxx","x","x","2002-08-01","2002-12-17","9190","90000000000190190.190","90000000000190190.190","9190","90000000000190190.190","90000000000190190.190","9190","90000000000190190.190","90000000000190190.190","9190","90000000000190190.190","90000000000190190.190","9190","90000000000190190.190","90000000000190190.190","x","1991-10-05 22:25:50.989941734","0","0","0","0","0","0","0","0","0","0","0","0","0","0","0","0"
"0","xxxxxxxx","xxxxx","x","xxxx","x","x","1986-10-31","1991-09-18","9191","90000000000191191.191","90000000000191191.191","9191","90000000000191191.191","90000000000191191.191","9191","90000000000191191.191","90000000000191191.191","9191","90000000000191191.191","90000000000191191.191","9191","90000000000191191.191","90000000000191191.191","x","1989-06-20 10:05:17.800224623","0","0","0","0","0","0","0","0","0","0","0","0","0","0","0","0"
"0","xxxxxxxx","xxxxx","x","xxxx","x","x","1993-07-27","1990-10-19","9192","90000000000192192.192","90000000000192192.192","9192","90000000000192192.192","90000000000192192.192","9192","90000000000192192.192","90000000000192192.192","9192","90000000000192192.192","90000000000192192.192","9192","90000000000192192.192","90000000000192192.192","x","2022-05-10 10:12:14.497760111","0","0","0","0","0","0","0","0","0","0","0","0","0","0","0","0"
"0","xxxxxxxx","xxxxx","x","xxxx","x","x","2015-02-23","2015-12-30","9193","90000000000193193.193","90000000000193193.193","9193","90000000000193193.193","90000000000193193.193","9193","90000000000193193.193","90000000000193193.193","9193","90000000000193193.193","90000000000193193.193","9193","90000000000193193.193","90000000000193193.193","x","2015-01-27 18:57:34.845999096","0","0","0","0","0","0","0","0","0","0","0","0","0","0","0","0"
"0","xxxxxxxx","xxxxx","x","xxxx","x","x","1985-03-04","2022-08-09","9194","90000000000194194.194","90000000000194194.194","9194","90000000000194194.194","90000000000194194.194","9194","90000000000194194.194","90000000000194194.194","9194","90000000000194194.194","90000000000194194.194","9194","90000000000194194.194","90000000000194194.194","x","1985-11-09 06:20:33.935248484","0","0","0","0","0","0","0","0","0","0","0","0","0","0","0","0"
"0","xxxxxxxx","xxxxx","x","xxxx","x","x","1987-09-20","1991-10-12","9195","90000000000195195.195","90000000000195195.195","9195","90000000000195195.195","90000000000195195.195","9195","90000000000195195.195","90000000000195195.195","9195","90000000000195195.195","90000000000195195.195","9195","90000000000195195.195","90000000000195195.195","x","1995-09-09 19:31:19.218147903","0","0","0","0","0","0","0","0","0","0","0","0","0","0","0","0"
"0","xxxxxxxx","xxxxx","x","xxxx","x","x","1991-12-31","1986-04-01","9196","90000000000196196.196","90000000000196196.196","9196","90000000000196196.196","90000000000196196.196","9196","90000000000196196.196","90000000000196196.196","9196","90000000000196196.196","90000000000196196.196","9196","90000000000196196.196","90000000000196196.196","x","2009-11-21 03:22:03.708087782","0","0","0","0","0","0","0","0","0","0","0","0","0","0","0","0"
"0","xxxxxxxx","xxxxx","x","xxxx","x","x","2017-09-30","1983-05-29","9197","90000000000197197.197","90000000000197197.197","9197","90000000000197197.197","90000000000197197.197","9197","90000000000197197.197","90000000000197197.197","9197","90000000000197197.197","90000000000197197.197","9197","90000000000197197.197","90000000000197197.197","x","2009-11-07 03:37:53.662853790","0","0","0","0","0","0","0","0","0","0","0","0","0","0","0","0"
